"path","sourceBlob","bytes","sha256","destinationSha256"
"LICENSE","8895aed20091fe3467d3d915cc9218cff23105ef","11545","0b86c633fe59fabfa534913960a370b0d9adfcecc13d48ccb1ab21ce0396929c","0b86c633fe59fabfa534913960a370b0d9adfcecc13d48ccb1ab21ce0396929c"
"imgs/bowl.jpeg","b099e2163483804fb316c5e3175e91529696f139","102561","0147a70999a6866caf894510a9c4aff2dc25f61a2a591efaff8e07292731e6e8","0147a70999a6866caf894510a9c4aff2dc25f61a2a591efaff8e07292731e6e8"
"src/Directory.Build.props","ec5ddd1d0e3e8aa54810d58e02dc486d1a0e1d7f","790","856e6ece1518d42e1229e420e4c4fe831b2c171ab5900e0292eaac1d97fe1de9","856e6ece1518d42e1229e420e4c4fe831b2c171ab5900e0292eaac1d97fe1de9"
"src/GeneralUpdate.Bowl/Applications/Linux/install.sh","09ea9afa811852c37c3f2fc71a8d6d9fe677ac17","1257","332faf79246cb09e0cf0a9e0992b78418966eed79557d351f67bd39775f52907","332faf79246cb09e0cf0a9e0992b78418966eed79557d351f67bd39775f52907"
"src/GeneralUpdate.Bowl/Applications/Linux/procdump-3.3.0-0.cm2.x86_64.rpm","9d1fae7d66c6ead0400c8bee74ee991149b95b6c","904654","2212cc9004eb440b54f381e4b5a59c1de1892a45e4b806f4ed5d285b5a347295","2212cc9004eb440b54f381e4b5a59c1de1892a45e4b806f4ed5d285b5a347295"
"src/GeneralUpdate.Bowl/Applications/Linux/procdump-3.3.0-0.el8.x86_64.rpm","3955a8a22331a6842a343055c4d26497b2ed1332","749848","1c018cc855619b9116691c7c8c4f97821e0dc574862665ae1c1efafd6ba8cf81","1c018cc855619b9116691c7c8c4f97821e0dc574862665ae1c1efafd6ba8cf81"
"src/GeneralUpdate.Bowl/Applications/Linux/procdump_3.3.0_amd64.deb","847dd5c5902caf6c98ce3e99af3013f9a0a9e2be","1362614","4d08b3f1634fc45f28cf856316b7b05477aafeef7c4aff0bb7f3c67c6cc693ed","4d08b3f1634fc45f28cf856316b7b05477aafeef7c4aff0bb7f3c67c6cc693ed"
"src/GeneralUpdate.Bowl/Applications/Windows/export.bat","80921e8ec4144b4314045f9b6c6c0d53494e9f54","836","5ac3a2e542864126d888699c4c5f9d8803a40a9c55648fa8e1bfc496edf916d7","5ac3a2e542864126d888699c4c5f9d8803a40a9c55648fa8e1bfc496edf916d7"
"src/GeneralUpdate.Bowl/Applications/Windows/procdump.exe","8826563476b7020b483b8b30a39097d30843fbca","791960","e4ea34a7c2b51982a6c42c6367119f34bec9aeb9a60937836540035583a5b3bc","e4ea34a7c2b51982a6c42c6367119f34bec9aeb9a60937836540035583a5b3bc"
"src/GeneralUpdate.Bowl/Applications/Windows/procdump64.exe","4df3cfd98b494f0e68ae656a3589561dc3fce2a6","424856","5b165b01f9a1395cae79e0f85b7a1c10dc089340cf4e7be48813ac2f8686ed61","5b165b01f9a1395cae79e0f85b7a1c10dc089340cf4e7be48813ac2f8686ed61"
"src/GeneralUpdate.Bowl/Applications/Windows/procdump64a.exe","ebfa3b8b02a7c26195e07eceb5fc068bf0950e92","407952","31f256436162ae3bd9cd9a9dfc9b8dad65c5d08153adad07cb755c31dd6e51f8","31f256436162ae3bd9cd9a9dfc9b8dad65c5d08153adad07cb755c31dd6e51f8"
"src/GeneralUpdate.Bowl/BowlBootstrap.cs","67edaaff1b6ba7af84d34ff27a8590f1ccc3b357","7898","c83f2ef0b5f76eee6a093dcae981c44a425fc833ac04afd5e0513c0dacddf753","f3f673f883a242310a45512fdccc0d1e169ce0e234edeada0248720627788997"
"src/GeneralUpdate.Bowl/BowlContext.cs","0eae0ededbefe236ba712bd5e048e16cee2793ff","2841","86491fda5bdcc904028d78296d94a2ac2d8ddd7384a5f2b7785e8025309a7cee","86491fda5bdcc904028d78296d94a2ac2d8ddd7384a5f2b7785e8025309a7cee"
"src/GeneralUpdate.Bowl/BowlResult.cs","b3b67be91d21be284f306da1c62e9b963a4eddf6","964","be9accc51961afa45cec25fb6552dd1966a2672151c25b403a5626ecfee4b437","fad90b1780c243a4f5d932e73fcbac76adf5aed6a620b6b76ac3b1d9210dddc6"
"src/GeneralUpdate.Bowl/CrashInfo.cs","7404aef738314d185f2d2752e58ce728fc4eb779","586","aeca048757c7e0c89d95e2d7e6832f8d5980e66bc5ddb9a83248df21b7532841","aeca048757c7e0c89d95e2d7e6832f8d5980e66bc5ddb9a83248df21b7532841"
"src/GeneralUpdate.Bowl/DumpType.cs","3cfa532ed11593f0d128294ee0ccce56fd78f6fa","372","b3a32a35ee7f07f6af41460ebd81f19164b8a698c063b89624c0bbb23cdd0e82","b3a32a35ee7f07f6af41460ebd81f19164b8a698c063b89624c0bbb23cdd0e82"
"src/GeneralUpdate.Bowl/FileSystem/StorageHelper.cs","3a270fca1299e4e3a6726787b40f3d4506df1a81","2011","3d5723f46079b5e97a5d3b36ed83d5f40df051b43f3e45bad7ebfff5f2a5d7e0","3d5723f46079b5e97a5d3b36ed83d5f40df051b43f3e45bad7ebfff5f2a5d7e0"
"src/GeneralUpdate.Bowl/GeneralUpdate.Bowl.csproj","7dd053e4c351d5368c3786064fe9d924de85fcae","2206","8482291ba54a4ee4fb24d03960da97e63ccebbb2d6f855fb119246e53ba41972","a2b77d79fb2c2323f1f53dd52f38d9194b74d63b6290c50e927ce4dc491d794f"
"src/GeneralUpdate.Bowl/Internal/Crash.cs","2d0365212c25e4a6c0b8b161f1338c42eb2f8777","1236","d217ad23224e40ab34cbe2e05c5c442fc9fcd843b37b2a13e83778f885a094ce","d217ad23224e40ab34cbe2e05c5c442fc9fcd843b37b2a13e83778f885a094ce"
"src/GeneralUpdate.Bowl/Internal/CrashJsonContext.cs","1c3f8ab1f144a0d0b475d5924f52b85acccaea2b","180","2da3c33932228f5b690d4512f4a01cdae018a1aa9fbeb6b841b9a9d4439ae2e7","2da3c33932228f5b690d4512f4a01cdae018a1aa9fbeb6b841b9a9d4439ae2e7"
"src/GeneralUpdate.Bowl/Internal/CrashReporter.cs","f64c273568e4f2e9779ded336624d1c1e7112e6f","1420","3e5371f9412d70ef2223384b78e671f70073ac8d7e45832942c0a1bd566097cf","3e5371f9412d70ef2223384b78e671f70073ac8d7e45832942c0a1bd566097cf"
"src/GeneralUpdate.Bowl/Internal/ICrashReporter.cs","2789ea50eb05cc8ae3efa844ed49c93bd3e9fea7","781","80a81a6e1a8eabf77ed03d13036cf7404b275601520ab011aabbd585e8406abf","80a81a6e1a8eabf77ed03d13036cf7404b275601520ab011aabbd585e8406abf"
"src/GeneralUpdate.Bowl/Internal/ISystemInfoProvider.cs","325c838cabe26048b8a7a54f3f269ba15481d13d","633","8cfed93a44da45810706131fe35c44ebd1ef7cb5067af03ce958a95ed3c79f31","8cfed93a44da45810706131fe35c44ebd1ef7cb5067af03ce958a95ed3c79f31"
"src/GeneralUpdate.Bowl/Internal/IsExternalInit.cs","91084171cb52833c8c7b4e441382e94d1b8d7e2b","235","e7ccefa815d6edcc25b5464810dda92a0cf8d95d316be37daed74fee5d5a7883","e7ccefa815d6edcc25b5464810dda92a0cf8d95d316be37daed74fee5d5a7883"
"src/GeneralUpdate.Bowl/Internal/SystemInfoProviderFactory.cs","8fa5a77f12c92603d7a4257d8b5401441d2caa50","921","eeb8482c79737b8a1632f40ba4158a08b6834d1b4e0d20de0d814a20deb6370a","eeb8482c79737b8a1632f40ba4158a08b6834d1b4e0d20de0d814a20deb6370a"
"src/GeneralUpdate.Bowl/Internal/WindowsSystemInfoProvider.cs","e9136078cf71b81da30d13f1366b425cc2cdf6cd","1816","039bc83623d1d6a679c340f58a63e2d41f3f471b38aff1e3a52ea73f1cab676a","039bc83623d1d6a679c340f58a63e2d41f3f471b38aff1e3a52ea73f1cab676a"
"src/GeneralUpdate.Bowl/Strategies/IBowlStrategy.cs","f18d0ece481e04867ba731f8711520123b97fc30","1253","ce0708f309c9056d29fe6161d53ef46a7e9f7fb5cbd81feb09b5a85a1041a510","ce0708f309c9056d29fe6161d53ef46a7e9f7fb5cbd81feb09b5a85a1041a510"
"src/GeneralUpdate.Bowl/Strategies/LinuxBowlStrategy.cs","c72a75bd24f7717159c574670b9e0def1aa9e7b2","9944","02dfe4fe9598c8872251da6f9fec3a3a0135d939f699e5e17e5ae70ca12a7fa7","02dfe4fe9598c8872251da6f9fec3a3a0135d939f699e5e17e5ae70ca12a7fa7"
"src/GeneralUpdate.Bowl/Strategies/ProcessExitResult.cs","26615802a835e19a96d2b6b9a5a38a0454020612","436","236bfb4043711d3ee223f39fa229e3465eec1156056694c5d3ceb3b33a50c1d4","236bfb4043711d3ee223f39fa229e3465eec1156056694c5d3ceb3b33a50c1d4"
"src/GeneralUpdate.Bowl/Strategies/ProcessRunner.cs","e988378c3a01ffa7df899c7364a2be49c254a0d1","3874","7f8588283b884bcd760b677fe2d3dd19aceb3b181a32e3a1d5080cb0e36cbe7a","7f8588283b884bcd760b677fe2d3dd19aceb3b181a32e3a1d5080cb0e36cbe7a"
"src/GeneralUpdate.Bowl/Strategies/StrategyFactory.cs","a38ef0f67de6739740c57e235959cc0958ccb4ce","917","2dc189b4059b6c0de62379bc4e5fc01c3ea9383ce5b1989e445b73aded7ecc6a","2dc189b4059b6c0de62379bc4e5fc01c3ea9383ce5b1989e445b73aded7ecc6a"
"src/GeneralUpdate.Bowl/Strategies/WindowsBowlStrategy.cs","52c321de7be274bf27bb77d11939ee8c1e70e0e0","2395","67c5296557666ca63cf7f8f3ac846fda5bedc03532051a0dc1e543b35d781c15","67c5296557666ca63cf7f8f3ac846fda5bedc03532051a0dc1e543b35d781c15"
"src/GeneralUpdate.Bowl/Tracer/GeneralTracer.cs","11084795534480d2426faedf7e486b70c8053c0e","4963","411e4bd5db32487102b418d690ed04c395531d2d18e56066f530b59b95cad25e","411e4bd5db32487102b418d690ed04c395531d2d18e56066f530b59b95cad25e"
"src/GeneralUpdate.Bowl/Tracer/TextTraceListener.cs","ddf4a46e54d82056f817cfb5de6d8f11a9ae4b18","1667","d22169d35e54d8a7ef969abcd2db90dd83267e68711ade83d1e3045b03c13f59","d22169d35e54d8a7ef969abcd2db90dd83267e68711ade83d1e3045b03c13f59"
"src/GeneralUpdate.Bowl/Tracer/WindowsOutputDebugListener.cs","fe4c397b6568c0b3df80bb36902ebd0b7c1965fb","1071","2251a13b10fe40fed366a3bcc476fb6853e865c1952127f8db08c89f85cec2d6","2251a13b10fe40fed366a3bcc476fb6853e865c1952127f8db08c89f85cec2d6"
"src/GeneralUpdate.Bowl/bowl.jpeg","b099e2163483804fb316c5e3175e91529696f139","102561","0147a70999a6866caf894510a9c4aff2dc25f61a2a591efaff8e07292731e6e8","0147a70999a6866caf894510a9c4aff2dc25f61a2a591efaff8e07292731e6e8"
"tests/BowlTest/BowlContextTests.cs","c21d4b722faac8772f395935cbaab68192f39a7d","7657","b2480b54db4244512b2aecc7563353a30ec2c4d8f181124bec12dc69669d91e1","b2480b54db4244512b2aecc7563353a30ec2c4d8f181124bec12dc69669d91e1"
"tests/BowlTest/BowlResultTests.cs","ca760004955d1d568891c7298b2e9d36bb0ab292","3231","adb1d3eab45149afb51aa625f4d9198e2a9e948a0d3d651fdca0b6e14dc78f12","adb1d3eab45149afb51aa625f4d9198e2a9e948a0d3d651fdca0b6e14dc78f12"
"tests/BowlTest/BowlTest.csproj","d33653f0eec4d879c3e03a935d4aaba7388f1451","759","f4d13fb2cb10ba9a6fc860af1c44f747d9e252753cf8abd4a40cbc76b4abfe92","f4d13fb2cb10ba9a6fc860af1c44f747d9e252753cf8abd4a40cbc76b4abfe92"
"tests/BowlTest/BowlTests.cs","9537a1b04abcebab4a87765e9aa4cc9d7c50f29a","18079","d0e9b242b41d420fe55351097d67502a79cc791e2f545f1546f0a00a49d726e0","d0e9b242b41d420fe55351097d67502a79cc791e2f545f1546f0a00a49d726e0"
"tests/BowlTest/CrashInfoTests.cs","8dc0f7c1594b88544123f72e7377b43a82ea53e4","2167","7b395609ff5469412fd558886a9b59300bbb9370891fa39cdf1f2e19e030751b","7b395609ff5469412fd558886a9b59300bbb9370891fa39cdf1f2e19e030751b"
"tests/BowlTest/DumpTypeTests.cs","b6edef372945bfb131ff5a96beffc832005b704c","1414","39e47b9d5503353a8db86da1dc396c766531218c697b077f2c9a3cb830a8c492","39e47b9d5503353a8db86da1dc396c766531218c697b077f2c9a3cb830a8c492"
"tests/BowlTest/FileSystem/StorageHelperTests.cs","6bd37e6c9e58894e0c669bbabe20540d3edcd248","5941","9b26696e2403f3f07ad44abfcaabeecf92fd85943761516853698950ef526496","9b26696e2403f3f07ad44abfcaabeecf92fd85943761516853698950ef526496"
"tests/BowlTest/GlobalUsings.cs","66c75e8d271ebf22c350b69decdab12ce7c9b6f9","230","378f8c508eee971f5f68c251b703e4bb8281e095e00ce41af331c904be45204c","378f8c508eee971f5f68c251b703e4bb8281e095e00ce41af331c904be45204c"
"tests/BowlTest/Integration/BowlCrashPipelineTests.cs","4397e7dd6a6b35a32bfc1aba236da4f3ce1df753","13155","c7023e58f5ddea03e2b57d220567cee2d70a60126ff67c56ca71f7993fb0f083","c7023e58f5ddea03e2b57d220567cee2d70a60126ff67c56ca71f7993fb0f083"
"tests/BowlTest/Integration/BowlIntegrationTests.cs","caccd8e8987a10917dd1f11f14e0e5b53fe6e661","4374","a30b88510cca9e672e94639be5f9e91086440a8d60f4d7461131f5f3c1886414","a30b88510cca9e672e94639be5f9e91086440a8d60f4d7461131f5f3c1886414"
"tests/BowlTest/Internal/CrashJsonContextTests.cs","b97c60dbafc54700e8c9444cd423b0d7a4b5ea26","2607","9b8b2d83ca76fdef2a44465d4e8dc38a006b89e56f9644ae4f206cc47fbccb32","9b8b2d83ca76fdef2a44465d4e8dc38a006b89e56f9644ae4f206cc47fbccb32"
"tests/BowlTest/Internal/CrashReporterTests.cs","9e7248cc8e8b0ee587f5827b9de09d115001b8e7","4717","081a73203b8ad021e67c2271f44287c30696199fee5840a45947330e5ebad2ea","081a73203b8ad021e67c2271f44287c30696199fee5840a45947330e5ebad2ea"
"tests/BowlTest/Internal/CrashTests.cs","664572b900ecfe7e79a57b61923d0b62053369ba","2154","cf6f0cb12d94f6bf09a3d6f7d7a5eb3bc622e813b265d6c19e9163e14b5032dd","cf6f0cb12d94f6bf09a3d6f7d7a5eb3bc622e813b265d6c19e9163e14b5032dd"
"tests/BowlTest/Internal/SystemInfoProviderFactoryTests.cs","f2547cbd5f98afd99aba783b357e8bef718d5f1d","1858","379e6ce13a3d0cdd75516b5c67026fe78e65f59682e357ebc8d42129aa661264","379e6ce13a3d0cdd75516b5c67026fe78e65f59682e357ebc8d42129aa661264"
"tests/BowlTest/README.md","e9d68e96a802ba68ecb18cdf1cdbdce484dffdcb","4249","0154628c5887e1d93edfc14c5aa56d0282284d75cb3fd935e91a0d203f5d57bb","8174567253ba56c43c42251ad3a8a0de5ddaa06aab9b86a23840dd5a11aef4b2"
"tests/BowlTest/Strategies/BowlAsyncTests.cs","f03a4af9f7451c1dafc0eeda0c6d59e5c2874112","1759","f1337a3ae5d14f98237742534268060e46167387a1ae762f98e0d9326d44c67f","f1337a3ae5d14f98237742534268060e46167387a1ae762f98e0d9326d44c67f"
"tests/BowlTest/Strategies/BowlContextTests.cs","b1421354d1c20e8af7e39427347664f2d2a3127a","3347","16e87049d8f9c0cd5d8848ac7f5f5972fef1de7c187d0daf53e35647d0ac24b7","16e87049d8f9c0cd5d8848ac7f5f5972fef1de7c187d0daf53e35647d0ac24b7"
"tests/BowlTest/Strategies/BowlResultTests.cs","1210eafe350c0c19d6113863ce87933953885ef7","1324","12b640542cb388ec40012acdddb47fa8884e8148751e38a7c364fd73865c3c4d","12b640542cb388ec40012acdddb47fa8884e8148751e38a7c364fd73865c3c4d"
"tests/BowlTest/Strategies/LinuxBowlStrategyTests.cs","90d92bdef92f0dbf74bfc925258f188538002547","5429","c061446bf0a07955477c1d0abdf41dfff75e77c76d2f80420fa816b68344cb25","c061446bf0a07955477c1d0abdf41dfff75e77c76d2f80420fa816b68344cb25"
"tests/BowlTest/Strategies/ProcessExitResultTests.cs","bcf7c109bee709ce038b75b6188e84ee173fdcd8","2552","fec5804fc91a100f0f3fb0b27a6f2cbcc1bd8fbf686b7dd961e4635d9ae58d10","fec5804fc91a100f0f3fb0b27a6f2cbcc1bd8fbf686b7dd961e4635d9ae58d10"
"tests/BowlTest/Strategies/ProcessRunnerTests.cs","06ddb643d89cdb3ba6ec43676f4378a932d8e894","4770","1d157b45abb45e668b65aa6066cc9a0590bbd846df2f5218fedf48c59b1d0ed3","1d157b45abb45e668b65aa6066cc9a0590bbd846df2f5218fedf48c59b1d0ed3"
"tests/BowlTest/Strategies/StrategyFactoryTests.cs","028c301e659521ec3f10f880c37d99f94afcc77c","2022","0788c590bf5a89a9ce46532c863cbe8393973343eebbc5ed92c0738b790ffb9b","0788c590bf5a89a9ce46532c863cbe8393973343eebbc5ed92c0738b790ffb9b"
"tests/BowlTest/Strategies/WindowsBowlStrategyTests.cs","f655183d13dfc812db53701e7eda6ba572b5b2a6","5532","38cf4c6e5290efe57318d917e79ee0c63bd2c810466aae6100e928ffa0fc65ce","38cf4c6e5290efe57318d917e79ee0c63bd2c810466aae6100e928ffa0fc65ce"
"tests/BowlTest/Utilities/TestFakes.cs","9a3ad302b1b73aa38ca0f278e33efef551cbef55","1963","4424810eae99fb2df5fc9bc8a474af4b53679254370be69266176f27adae6c25","4424810eae99fb2df5fc9bc8a474af4b53679254370be69266176f27adae6c25"
"tests/Directory.Packages.props","f992507ecfdf42f19e353abaa1ec89a5add1f753","578","61640a79d82f7048f59af6c523656c0fd69d3c6f734f8fac95b8cc6da8ed361a","61640a79d82f7048f59af6c523656c0fd69d3c6f734f8fac95b8cc6da8ed361a"
